Qtemplate,Param1Name,Parram1Val,Param2Name,Param2Val,Param3Name,Param3Val,Param4Name,Param4Val,Param4Name,Param4Val,Param4Name,Param4Val,Param4Name,Param4Val,Param4Name,Param4Val
clearDesign,__DESTDESIGN__,Shovel4,,,,,,,,,,,,,,
addBlankDesign,__DESTDESIGN__,Shovel4,,,,,,,,,,,,
cloneCIOpt,__SOURCEDESIGN__,AllComponentsUAM,__SOURCENAME__,Cylinder_Flip,__DESTDESIGN__,Shovel4,__DESTNAME__,front_right_cyl_flip,,,,,,,,
swap,__DESIGN__,Shovel4,__COMPONENT_INSTANCE__,front_right_cyl_flip,__NEW_COMPONENT__,Cyl_Flip,,,,,,,,,,
cloneCIOpt,__SOURCEDESIGN__,AllComponentsUAM,__SOURCENAME__,Motor,__DESTDESIGN__,Shovel4,__DESTNAME__,left_front_motor_fwd,,,,,,,,
swap,__DESIGN__,Shovel4,__COMPONENT_INSTANCE__,left_front_motor_fwd,__NEW_COMPONENT__,MAGiDRIVE150,,,,,,,,,,
cloneCIOpt,__SOURCEDESIGN__,AllComponentsUAM,__SOURCENAME__,Cylinder,__DESTDESIGN__,Shovel4,__DESTNAME__,front_left_cyl_2,,,,,,,,
swap,__DESIGN__,Shovel4,__COMPONENT_INSTANCE__,front_left_cyl_2,__NEW_COMPONENT__,PORTED_CYL,,,,,,,,,,
cloneCIOpt,__SOURCEDESIGN__,AllComponentsUAM,__SOURCENAME__,Motor,__DESTDESIGN__,Shovel4,__DESTNAME__,left_front_motor_1_vert,,,,,,,,
swap,__DESIGN__,Shovel4,__COMPONENT_INSTANCE__,left_front_motor_1_vert,__NEW_COMPONENT__,MAGiDRIVE150,,,,,,,,,,
cloneCIOpt,__SOURCEDESIGN__,AllComponentsUAM,__SOURCENAME__,Cylinder_Flip_Out,__DESTDESIGN__,Shovel4,__DESTNAME__,right_center_cyl_flip,,,,,,,,
swap,__DESIGN__,Shovel4,__COMPONENT_INSTANCE__,right_center_cyl_flip,__NEW_COMPONENT__,Cyl_Flip_Out,,,,,,,,,,
cloneCIOpt,__SOURCEDESIGN__,AllComponentsUAM,__SOURCENAME__,Propeller,__DESTDESIGN__,Shovel4,__DESTNAME__,right_front_prop_2_vert,,,,,,,,
swap,__DESIGN__,Shovel4,__COMPONENT_INSTANCE__,right_front_prop_2_vert,__NEW_COMPONENT__,62x5_2_3200_46_1150,,,,,,,,,,
cloneCIOpt,__SOURCEDESIGN__,AllComponentsUAM,__SOURCENAME__,Propeller,__DESTDESIGN__,Shovel4,__DESTNAME__,right_front_prop_1_vert,,,,,,,,
swap,__DESIGN__,Shovel4,__COMPONENT_INSTANCE__,right_front_prop_1_vert,__NEW_COMPONENT__,62x5_2_3200_46_1150,,,,,,,,,,
cloneCIOpt,__SOURCEDESIGN__,AllComponentsUAM,__SOURCENAME__,Wing,__DESTDESIGN__,Shovel4,__DESTNAME__,left_tail_wing,,,,,,,,
swap,__DESIGN__,Shovel4,__COMPONENT_INSTANCE__,left_tail_wing,__NEW_COMPONENT__,naca_wing,,,,,,,,,,
cloneCIOpt,__SOURCEDESIGN__,AllComponentsUAM,__SOURCENAME__,Motor,__DESTDESIGN__,Shovel4,__DESTNAME__,right_front_motor_1_vert,,,,,,,,
swap,__DESIGN__,Shovel4,__COMPONENT_INSTANCE__,right_front_motor_1_vert,__NEW_COMPONENT__,MAGiDRIVE150,,,,,,,,,,
cloneCIOpt,__SOURCEDESIGN__,AllComponentsUAM,__SOURCENAME__,Wing,__DESTDESIGN__,Shovel4,__DESTNAME__,right_top_wing,,,,,,,,
swap,__DESIGN__,Shovel4,__COMPONENT_INSTANCE__,right_top_wing,__NEW_COMPONENT__,naca_wing,,,,,,,,,,
cloneCIOpt,__SOURCEDESIGN__,AllComponentsUAM,__SOURCENAME__,Motor,__DESTDESIGN__,Shovel4,__DESTNAME__,left_rear_motor_1_vert,,,,,,,,
swap,__DESIGN__,Shovel4,__COMPONENT_INSTANCE__,left_rear_motor_1_vert,__NEW_COMPONENT__,MAGiDRIVE150,,,,,,,,,,
cloneCIOpt,__SOURCEDESIGN__,AllComponentsUAM,__SOURCENAME__,Fuselage,__DESTDESIGN__,Shovel4,__DESTNAME__,fuselage,,,,,,,,
swap,__DESIGN__,Shovel4,__COMPONENT_INSTANCE__,fuselage,__NEW_COMPONENT__,FUSE_SPHERE_CYL_CONE,,,,,,,,,,
cloneCIOpt,__SOURCEDESIGN__,AllComponentsUAM,__SOURCENAME__,Passenger,__DESTDESIGN__,Shovel4,__DESTNAME__,Passenger2,,,,,,,,
cloneCIOpt,__SOURCEDESIGN__,AllComponentsUAM,__SOURCENAME__,Orient,__DESTDESIGN__,Shovel4,__DESTNAME__,Orient,,,,,,,,
cloneCIOpt,__SOURCEDESIGN__,AllComponentsUAM,__SOURCENAME__,Battery,__DESTDESIGN__,Shovel4,__DESTNAME__,right_battery,,,,,,,,
swap,__DESIGN__,Shovel4,__COMPONENT_INSTANCE__,right_battery,__NEW_COMPONENT__,VitalyBeta,,,,,,,,,,
cloneCIOpt,__SOURCEDESIGN__,AllComponentsUAM,__SOURCENAME__,Propeller,__DESTDESIGN__,Shovel4,__DESTNAME__,right_rear_prop_2_vert,,,,,,,,
swap,__DESIGN__,Shovel4,__COMPONENT_INSTANCE__,right_rear_prop_2_vert,__NEW_COMPONENT__,62x5_2_3200_46_1150,,,,,,,,,,
cloneCIOpt,__SOURCEDESIGN__,AllComponentsUAM,__SOURCENAME__,Propeller,__DESTDESIGN__,Shovel4,__DESTNAME__,right_front_prop_fwd,,,,,,,,
swap,__DESIGN__,Shovel4,__COMPONENT_INSTANCE__,right_front_prop_fwd,__NEW_COMPONENT__,62x5_2_3200_46_1150,,,,,,,,,,
cloneCIOpt,__SOURCEDESIGN__,AllComponentsUAM,__SOURCENAME__,Motor,__DESTDESIGN__,Shovel4,__DESTNAME__,right_front_motor_fwd,,,,,,,,
swap,__DESIGN__,Shovel4,__COMPONENT_INSTANCE__,right_front_motor_fwd,__NEW_COMPONENT__,MAGiDRIVE150,,,,,,,,,,
cloneCIOpt,__SOURCEDESIGN__,AllComponentsUAM,__SOURCENAME__,Cylinder,__DESTDESIGN__,Shovel4,__DESTNAME__,rear_left_cyl_2,,,,,,,,
swap,__DESIGN__,Shovel4,__COMPONENT_INSTANCE__,rear_left_cyl_2,__NEW_COMPONENT__,PORTED_CYL,,,,,,,,,,
cloneCIOpt,__SOURCEDESIGN__,AllComponentsUAM,__SOURCENAME__,Motor,__DESTDESIGN__,Shovel4,__DESTNAME__,left_rear_motor_2_vert,,,,,,,,
swap,__DESIGN__,Shovel4,__COMPONENT_INSTANCE__,left_rear_motor_2_vert,__NEW_COMPONENT__,MAGiDRIVE150,,,,,,,,,,
cloneCIOpt,__SOURCEDESIGN__,AllComponentsUAM,__SOURCENAME__,Propeller,__DESTDESIGN__,Shovel4,__DESTNAME__,left_front_prop_fwd,,,,,,,,
swap,__DESIGN__,Shovel4,__COMPONENT_INSTANCE__,left_front_prop_fwd,__NEW_COMPONENT__,62x5_2_3200_46_1150,,,,,,,,,,
cloneCIOpt,__SOURCEDESIGN__,AllComponentsUAM,__SOURCENAME__,Passenger,__DESTDESIGN__,Shovel4,__DESTNAME__,Passenger1,,,,,,,,
cloneCIOpt,__SOURCEDESIGN__,AllComponentsUAM,__SOURCENAME__,Cylinder_Flip,__DESTDESIGN__,Shovel4,__DESTNAME__,front_left_cyl_flip,,,,,,,,
swap,__DESIGN__,Shovel4,__COMPONENT_INSTANCE__,front_left_cyl_flip,__NEW_COMPONENT__,Cyl_Flip,,,,,,,,,,
cloneCIOpt,__SOURCEDESIGN__,AllComponentsUAM,__SOURCENAME__,BatteryController,__DESTDESIGN__,Shovel4,__DESTNAME__,777V_Bat_System,,,,,,,,
cloneCIOpt,__SOURCEDESIGN__,AllComponentsUAM,__SOURCENAME__,Cylinder,__DESTDESIGN__,Shovel4,__DESTNAME__,rear_right_cyl_2,,,,,,,,
swap,__DESIGN__,Shovel4,__COMPONENT_INSTANCE__,rear_right_cyl_2,__NEW_COMPONENT__,PORTED_CYL,,,,,,,,,,
cloneCIOpt,__SOURCEDESIGN__,AllComponentsUAM,__SOURCENAME__,Propeller,__DESTDESIGN__,Shovel4,__DESTNAME__,left_rear_prop_2_vert,,,,,,,,
swap,__DESIGN__,Shovel4,__COMPONENT_INSTANCE__,left_rear_prop_2_vert,__NEW_COMPONENT__,62x5_2_3200_46_1150,,,,,,,,,,
cloneCIOpt,__SOURCEDESIGN__,AllComponentsUAM,__SOURCENAME__,Cylinder,__DESTDESIGN__,Shovel4,__DESTNAME__,front_right_cyl_1,,,,,,,,
swap,__DESIGN__,Shovel4,__COMPONENT_INSTANCE__,front_right_cyl_1,__NEW_COMPONENT__,PORTED_CYL,,,,,,,,,,
cloneCIOpt,__SOURCEDESIGN__,AllComponentsUAM,__SOURCENAME__,Propeller,__DESTDESIGN__,Shovel4,__DESTNAME__,left_front_prop_2_vert,,,,,,,,
swap,__DESIGN__,Shovel4,__COMPONENT_INSTANCE__,left_front_prop_2_vert,__NEW_COMPONENT__,62x5_2_3200_46_1150,,,,,,,,,,
cloneCIOpt,__SOURCEDESIGN__,AllComponentsUAM,__SOURCENAME__,Wing,__DESTDESIGN__,Shovel4,__DESTNAME__,left_top_wing,,,,,,,,
swap,__DESIGN__,Shovel4,__COMPONENT_INSTANCE__,left_top_wing,__NEW_COMPONENT__,naca_wing,,,,,,,,,,
cloneCIOpt,__SOURCEDESIGN__,AllComponentsUAM,__SOURCENAME__,Motor,__DESTDESIGN__,Shovel4,__DESTNAME__,right_front_motor_2_vert,,,,,,,,
swap,__DESIGN__,Shovel4,__COMPONENT_INSTANCE__,right_front_motor_2_vert,__NEW_COMPONENT__,MAGiDRIVE150,,,,,,,,,,
cloneCIOpt,__SOURCEDESIGN__,AllComponentsUAM,__SOURCENAME__,Cylinder,__DESTDESIGN__,Shovel4,__DESTNAME__,rear_right_cyl_4,,,,,,,,
swap,__DESIGN__,Shovel4,__COMPONENT_INSTANCE__,rear_right_cyl_4,__NEW_COMPONENT__,PORTED_CYL,,,,,,,,,,
cloneCIOpt,__SOURCEDESIGN__,AllComponentsUAM,__SOURCENAME__,Propeller,__DESTDESIGN__,Shovel4,__DESTNAME__,left_front_prop_1_vert,,,,,,,,
swap,__DESIGN__,Shovel4,__COMPONENT_INSTANCE__,left_front_prop_1_vert,__NEW_COMPONENT__,62x5_2_3200_46_1150,,,,,,,,,,
cloneCIOpt,__SOURCEDESIGN__,AllComponentsUAM,__SOURCENAME__,Propeller,__DESTDESIGN__,Shovel4,__DESTNAME__,left_rear_prop_1_vert,,,,,,,,
swap,__DESIGN__,Shovel4,__COMPONENT_INSTANCE__,left_rear_prop_1_vert,__NEW_COMPONENT__,62x5_2_3200_46_1150,,,,,,,,,,
cloneCIOpt,__SOURCEDESIGN__,AllComponentsUAM,__SOURCENAME__,Motor,__DESTDESIGN__,Shovel4,__DESTNAME__,right_rear_motor_1_vert,,,,,,,,
swap,__DESIGN__,Shovel4,__COMPONENT_INSTANCE__,right_rear_motor_1_vert,__NEW_COMPONENT__,MAGiDRIVE150,,,,,,,,,,
cloneCIOpt,__SOURCEDESIGN__,AllComponentsUAM,__SOURCENAME__,Cylinder,__DESTDESIGN__,Shovel4,__DESTNAME__,rear_left_cyl_1,,,,,,,,
swap,__DESIGN__,Shovel4,__COMPONENT_INSTANCE__,rear_left_cyl_1,__NEW_COMPONENT__,PORTED_CYL,,,,,,,,,,
cloneCIOpt,__SOURCEDESIGN__,AllComponentsUAM,__SOURCENAME__,Cylinder_Flip_Out,__DESTDESIGN__,Shovel4,__DESTNAME__,left_center_cyl_flip,,,,,,,,
swap,__DESIGN__,Shovel4,__COMPONENT_INSTANCE__,left_center_cyl_flip,__NEW_COMPONENT__,Cyl_Flip_Out,,,,,,,,,,
cloneCIOpt,__SOURCEDESIGN__,AllComponentsUAM,__SOURCENAME__,Cylinder,__DESTDESIGN__,Shovel4,__DESTNAME__,front_left_cyl_1,,,,,,,,
swap,__DESIGN__,Shovel4,__COMPONENT_INSTANCE__,front_left_cyl_1,__NEW_COMPONENT__,PORTED_CYL,,,,,,,,,,
cloneCIOpt,__SOURCEDESIGN__,AllComponentsUAM,__SOURCENAME__,Cylinder,__DESTDESIGN__,Shovel4,__DESTNAME__,center_left_cyl,,,,,,,,
swap,__DESIGN__,Shovel4,__COMPONENT_INSTANCE__,center_left_cyl,__NEW_COMPONENT__,PORTED_CYL,,,,,,,,,,
cloneCIOpt,__SOURCEDESIGN__,AllComponentsUAM,__SOURCENAME__,Cylinder,__DESTDESIGN__,Shovel4,__DESTNAME__,center_left_bar,,,,,,,,
swap,__DESIGN__,Shovel4,__COMPONENT_INSTANCE__,center_left_bar,__NEW_COMPONENT__,PORTED_CYL,,,,,,,,,,
cloneCIOpt,__SOURCEDESIGN__,AllComponentsUAM,__SOURCENAME__,Cylinder,__DESTDESIGN__,Shovel4,__DESTNAME__,center_right_bar,,,,,,,,
swap,__DESIGN__,Shovel4,__COMPONENT_INSTANCE__,center_right_bar,__NEW_COMPONENT__,PORTED_CYL,,,,,,,,,,
cloneCIOpt,__SOURCEDESIGN__,AllComponentsUAM,__SOURCENAME__,Cylinder,__DESTDESIGN__,Shovel4,__DESTNAME__,front_right_cyl_2,,,,,,,,
swap,__DESIGN__,Shovel4,__COMPONENT_INSTANCE__,front_right_cyl_2,__NEW_COMPONENT__,PORTED_CYL,,,,,,,,,,
cloneCIOpt,__SOURCEDESIGN__,AllComponentsUAM,__SOURCENAME__,Cylinder,__DESTDESIGN__,Shovel4,__DESTNAME__,rear_left_cyl_4,,,,,,,,
swap,__DESIGN__,Shovel4,__COMPONENT_INSTANCE__,rear_left_cyl_4,__NEW_COMPONENT__,PORTED_CYL,,,,,,,,,,
cloneCIOpt,__SOURCEDESIGN__,AllComponentsUAM,__SOURCENAME__,NACA_Port_Connector,__DESTDESIGN__,Shovel4,__DESTNAME__,top_naca_connector,,,,,,,,
swap,__DESIGN__,Shovel4,__COMPONENT_INSTANCE__,top_naca_connector,__NEW_COMPONENT__,naca_connector,,,,,,,,,,
cloneCIOpt,__SOURCEDESIGN__,AllComponentsUAM,__SOURCENAME__,Wing,__DESTDESIGN__,Shovel4,__DESTNAME__,right_tail_wing,,,,,,,,
swap,__DESIGN__,Shovel4,__COMPONENT_INSTANCE__,right_tail_wing,__NEW_COMPONENT__,naca_wing,,,,,,,,,,
cloneCIOpt,__SOURCEDESIGN__,AllComponentsUAM,__SOURCENAME__,Motor,__DESTDESIGN__,Shovel4,__DESTNAME__,right_rear_motor_2_vert,,,,,,,,
swap,__DESIGN__,Shovel4,__COMPONENT_INSTANCE__,right_rear_motor_2_vert,__NEW_COMPONENT__,MAGiDRIVE150,,,,,,,,,,
cloneCIOpt,__SOURCEDESIGN__,AllComponentsUAM,__SOURCENAME__,Battery,__DESTDESIGN__,Shovel4,__DESTNAME__,left_battery,,,,,,,,
swap,__DESIGN__,Shovel4,__COMPONENT_INSTANCE__,left_battery,__NEW_COMPONENT__,VitalyBeta,,,,,,,,,,
cloneCIOpt,__SOURCEDESIGN__,AllComponentsUAM,__SOURCENAME__,Cylinder,__DESTDESIGN__,Shovel4,__DESTNAME__,center_right_cyl,,,,,,,,
swap,__DESIGN__,Shovel4,__COMPONENT_INSTANCE__,center_right_cyl,__NEW_COMPONENT__,PORTED_CYL,,,,,,,,,,
cloneCIOpt,__SOURCEDESIGN__,AllComponentsUAM,__SOURCENAME__,Propeller,__DESTDESIGN__,Shovel4,__DESTNAME__,right_rear_prop_1_vert,,,,,,,,
swap,__DESIGN__,Shovel4,__COMPONENT_INSTANCE__,right_rear_prop_1_vert,__NEW_COMPONENT__,62x5_2_3200_46_1150,,,,,,,,,,
cloneCIOpt,__SOURCEDESIGN__,AllComponentsUAM,__SOURCENAME__,Cylinder,__DESTDESIGN__,Shovel4,__DESTNAME__,rear_right_cyl_1,,,,,,,,
swap,__DESIGN__,Shovel4,__COMPONENT_INSTANCE__,rear_right_cyl_1,__NEW_COMPONENT__,PORTED_CYL,,,,,,,,,,
cloneCIOpt,__SOURCEDESIGN__,AllComponentsUAM,__SOURCENAME__,Motor,__DESTDESIGN__,Shovel4,__DESTNAME__,left_front_motor_2_vert,,,,,,,,
swap,__DESIGN__,Shovel4,__COMPONENT_INSTANCE__,left_front_motor_2_vert,__NEW_COMPONENT__,MAGiDRIVE150,,,,,,,,,,
addConn,__SOURCEDESIGN__,Shovel4,__SOURCECOMP__,front_right_cyl_flip,__SOURCECONN__,REAR_CONNECTOR,__DESTCOMP__,front_right_cyl_1,__DESTCONN__,FRONT_CONNECTOR,,,,,,
addConn,__SOURCEDESIGN__,Shovel4,__SOURCECOMP__,front_right_cyl_flip,__SOURCECONN__,FRONT_CONNECTOR,__DESTCOMP__,right_front_motor_fwd,__DESTCONN__,Base_Connector,,,,,,
addConn,__SOURCEDESIGN__,Shovel4,__SOURCECOMP__,left_front_motor_fwd,__SOURCECONN__,Prop_Connector,__DESTCOMP__,left_front_prop_fwd,__DESTCONN__,MOTOR_CONNECTOR_CS_IN,,,,,,
addConn,__SOURCEDESIGN__,Shovel4,__SOURCECOMP__,left_front_motor_fwd,__SOURCECONN__,Base_Connector,__DESTCOMP__,front_left_cyl_flip,__DESTCONN__,FRONT_CONNECTOR,,,,,,
addConn,__SOURCEDESIGN__,Shovel4,__SOURCECOMP__,left_front_motor_fwd,__SOURCECONN__,MotorPower,__DESTCOMP__,777V_Bat_System,__DESTCONN__,MotorPower,,,,,,
addConn,__SOURCEDESIGN__,Shovel4,__SOURCECOMP__,front_left_cyl_2,__SOURCECONN__,FRONT_CONNECTOR,__DESTCOMP__,front_left_cyl_1,__DESTCONN__,REAR_CONNECTOR,,,,,,
addConn,__SOURCEDESIGN__,Shovel4,__SOURCECOMP__,front_left_cyl_2,__SOURCECONN__,TOP_CONNECTOR,__DESTCOMP__,left_front_motor_2_vert,__DESTCONN__,Base_Connector,,,,,,
addConn,__SOURCEDESIGN__,Shovel4,__SOURCECOMP__,front_left_cyl_2,__SOURCECONN__,REAR_CONNECTOR,__DESTCOMP__,center_left_cyl,__DESTCONN__,FRONT_CONNECTOR,,,,,,
addConn,__SOURCEDESIGN__,Shovel4,__SOURCECOMP__,left_front_motor_1_vert,__SOURCECONN__,Prop_Connector,__DESTCOMP__,left_front_prop_1_vert,__DESTCONN__,MOTOR_CONNECTOR_CS_IN,,,,,,
addConn,__SOURCEDESIGN__,Shovel4,__SOURCECOMP__,left_front_motor_1_vert,__SOURCECONN__,Base_Connector,__DESTCOMP__,front_left_cyl_1,__DESTCONN__,TOP_CONNECTOR,,,,,,
addConn,__SOURCEDESIGN__,Shovel4,__SOURCECOMP__,left_front_motor_1_vert,__SOURCECONN__,MotorPower,__DESTCOMP__,777V_Bat_System,__DESTCONN__,MotorPower,,,,,,
addConn,__SOURCEDESIGN__,Shovel4,__SOURCECOMP__,right_center_cyl_flip,__SOURCECONN__,Flip_Connector_2,__DESTCOMP__,center_right_bar,__DESTCONN__,REAR_CONNECTOR,,,,,,
addConn,__SOURCEDESIGN__,Shovel4,__SOURCECOMP__,center_right_bar,__SOURCECONN__,FRONT_CONNECTOR,__DESTCOMP__,center_right_cyl,__DESTCONN__,LEFT_CONNECTOR,,,,,,
addConn,__SOURCEDESIGN__,Shovel4,__SOURCECOMP__,right_center_cyl_flip,__SOURCECONN__,Flip_Connector_1,__DESTCOMP__,fuselage,__DESTCONN__,RIGHT_CONNECTOR,,,,,,
addConn,__SOURCEDESIGN__,Shovel4,__SOURCECOMP__,right_front_prop_2_vert,__SOURCECONN__,MOTOR_CONNECTOR_CS_IN,__DESTCOMP__,right_front_motor_2_vert,__DESTCONN__,Prop_Connector,,,,,,
addConn,__SOURCEDESIGN__,Shovel4,__SOURCECOMP__,left_top_wing,__SOURCECONN__,Battery_Connector_2,__DESTCOMP__,left_battery,__DESTCONN__,Battery_Connector_2_out,,,,,,
addConn,__SOURCEDESIGN__,Shovel4,__SOURCECOMP__,right_front_prop_1_vert,__SOURCECONN__,MOTOR_CONNECTOR_CS_IN,__DESTCOMP__,right_front_motor_1_vert,__DESTCONN__,Prop_Connector,,,,,,
addConn,__SOURCEDESIGN__,Shovel4,__SOURCECOMP__,left_tail_wing,__SOURCECONN__,Connector_1,__DESTCOMP__,rear_left_cyl_4,__DESTCONN__,LEFT_CONNECTOR,,,,,,
addConn,__SOURCEDESIGN__,Shovel4,__SOURCECOMP__,right_front_motor_1_vert,__SOURCECONN__,MotorPower,__DESTCOMP__,777V_Bat_System,__DESTCONN__,MotorPower,,,,,,
addConn,__SOURCEDESIGN__,Shovel4,__SOURCECOMP__,right_front_motor_1_vert,__SOURCECONN__,Base_Connector,__DESTCOMP__,front_right_cyl_1,__DESTCONN__,TOP_CONNECTOR,,,,,,
addConn,__SOURCEDESIGN__,Shovel4,__SOURCECOMP__,right_top_wing,__SOURCECONN__,Connector_1,__DESTCOMP__,top_naca_connector,__DESTCONN__,End_Connector_1,,,,,,
addConn,__SOURCEDESIGN__,Shovel4,__SOURCECOMP__,left_rear_motor_1_vert,__SOURCECONN__,Prop_Connector,__DESTCOMP__,left_rear_prop_1_vert,__DESTCONN__,MOTOR_CONNECTOR_CS_IN,,,,,,
addConn,__SOURCEDESIGN__,Shovel4,__SOURCECOMP__,left_rear_motor_1_vert,__SOURCECONN__,MotorPower,__DESTCOMP__,777V_Bat_System,__DESTCONN__,MotorPower,,,,,,
addConn,__SOURCEDESIGN__,Shovel4,__SOURCECOMP__,left_rear_motor_1_vert,__SOURCECONN__,Base_Connector,__DESTCOMP__,rear_left_cyl_1,__DESTCONN__,TOP_CONNECTOR,,,,,,
addConn,__SOURCEDESIGN__,Shovel4,__SOURCECOMP__,rear_right_cyl_2,__SOURCECONN__,REAR_CONNECTOR,__DESTCOMP__,rear_right_cyl_4,__DESTCONN__,FRONT_CONNECTOR,,,,,,
addConn,__SOURCEDESIGN__,Shovel4,__SOURCECOMP__,fuselage,__SOURCECONN__,SEAT_2_CONNECTOR,__DESTCOMP__,Passenger2,__DESTCONN__,Connector,,,,,,
addConn,__SOURCEDESIGN__,Shovel4,__SOURCECOMP__,fuselage,__SOURCECONN__,ORIENT,__DESTCOMP__,Orient,__DESTCONN__,ORIENTCONN,,,,,,
addConn,__SOURCEDESIGN__,Shovel4,__SOURCECOMP__,fuselage,__SOURCECONN__,LEFT_CONNECTOR,__DESTCOMP__,left_center_cyl_flip,__DESTCONN__,Flip_Connector_1,,,,,,
addConn,__SOURCEDESIGN__,Shovel4,__SOURCECOMP__,fuselage,__SOURCECONN__,TOP_CONNECTOR,__DESTCOMP__,top_naca_connector,__DESTCONN__,Bottom_Connector,,,,,,
addConn,__SOURCEDESIGN__,Shovel4,__SOURCECOMP__,fuselage,__SOURCECONN__,SEAT_1_CONNECTOR,__DESTCOMP__,Passenger1,__DESTCONN__,Connector,,,,,,
addConn,__SOURCEDESIGN__,Shovel4,__SOURCECOMP__,front_right_cyl_2,__SOURCECONN__,REAR_CONNECTOR,__DESTCOMP__,center_right_cyl,__DESTCONN__,FRONT_CONNECTOR,,,,,,
addConn,__SOURCEDESIGN__,Shovel4,__SOURCECOMP__,right_battery,__SOURCECONN__,Battery_Connector_1_out,__DESTCOMP__,right_top_wing,__DESTCONN__,Battery_Connector_1,,,,,,
addConn,__SOURCEDESIGN__,Shovel4,__SOURCECOMP__,right_battery,__SOURCECONN__,PowerBus,__DESTCOMP__,777V_Bat_System,__DESTCONN__,BatteryPower,,,,,,
addConn,__SOURCEDESIGN__,Shovel4,__SOURCECOMP__,right_rear_prop_2_vert,__SOURCECONN__,MOTOR_CONNECTOR_CS_IN,__DESTCOMP__,right_rear_motor_2_vert,__DESTCONN__,Prop_Connector,,,,,,
addConn,__SOURCEDESIGN__,Shovel4,__SOURCECOMP__,right_front_prop_fwd,__SOURCECONN__,MOTOR_CONNECTOR_CS_IN,__DESTCOMP__,right_front_motor_fwd,__DESTCONN__,Prop_Connector,,,,,,
addConn,__SOURCEDESIGN__,Shovel4,__SOURCECOMP__,right_front_motor_fwd,__SOURCECONN__,MotorPower,__DESTCOMP__,777V_Bat_System,__DESTCONN__,MotorPower,,,,,,
addConn,__SOURCEDESIGN__,Shovel4,__SOURCECOMP__,rear_left_cyl_2,__SOURCECONN__,FRONT_CONNECTOR,__DESTCOMP__,rear_left_cyl_1,__DESTCONN__,REAR_CONNECTOR,,,,,,
addConn,__SOURCEDESIGN__,Shovel4,__SOURCECOMP__,rear_left_cyl_2,__SOURCECONN__,TOP_CONNECTOR,__DESTCOMP__,left_rear_motor_2_vert,__DESTCONN__,Base_Connector,,,,,,
addConn,__SOURCEDESIGN__,Shovel4,__SOURCECOMP__,rear_left_cyl_2,__SOURCECONN__,REAR_CONNECTOR,__DESTCOMP__,rear_left_cyl_4,__DESTCONN__,FRONT_CONNECTOR,,,,,,
addConn,__SOURCEDESIGN__,Shovel4,__SOURCECOMP__,left_rear_motor_2_vert,__SOURCECONN__,MotorPower,__DESTCOMP__,777V_Bat_System,__DESTCONN__,MotorPower,,,,,,
addConn,__SOURCEDESIGN__,Shovel4,__SOURCECOMP__,left_rear_motor_2_vert,__SOURCECONN__,Prop_Connector,__DESTCOMP__,left_rear_prop_2_vert,__DESTCONN__,MOTOR_CONNECTOR_CS_IN,,,,,,
addConn,__SOURCEDESIGN__,Shovel4,__SOURCECOMP__,front_left_cyl_flip,__SOURCECONN__,REAR_CONNECTOR,__DESTCOMP__,front_left_cyl_1,__DESTCONN__,FRONT_CONNECTOR,,,,,,
addConn,__SOURCEDESIGN__,Shovel4,__SOURCECOMP__,777V_Bat_System,__SOURCECONN__,MotorPower,__DESTCOMP__,right_rear_motor_1_vert,__DESTCONN__,MotorPower,,,,,,
addConn,__SOURCEDESIGN__,Shovel4,__SOURCECOMP__,777V_Bat_System,__SOURCECONN__,MotorPower,__DESTCOMP__,left_front_motor_2_vert,__DESTCONN__,MotorPower,,,,,,
addConn,__SOURCEDESIGN__,Shovel4,__SOURCECOMP__,777V_Bat_System,__SOURCECONN__,MotorPower,__DESTCOMP__,right_rear_motor_2_vert,__DESTCONN__,MotorPower,,,,,,
addConn,__SOURCEDESIGN__,Shovel4,__SOURCECOMP__,777V_Bat_System,__SOURCECONN__,MotorPower,__DESTCOMP__,right_front_motor_2_vert,__DESTCONN__,MotorPower,,,,,,
addConn,__SOURCEDESIGN__,Shovel4,__SOURCECOMP__,777V_Bat_System,__SOURCECONN__,BatteryPower,__DESTCOMP__,left_battery,__DESTCONN__,PowerBus,,,,,,
addConn,__SOURCEDESIGN__,Shovel4,__SOURCECOMP__,rear_right_cyl_2,__SOURCECONN__,FRONT_CONNECTOR,__DESTCOMP__,rear_right_cyl_1,__DESTCONN__,REAR_CONNECTOR,,,,,,
addConn,__SOURCEDESIGN__,Shovel4,__SOURCECOMP__,rear_right_cyl_2,__SOURCECONN__,TOP_CONNECTOR,__DESTCOMP__,right_rear_motor_2_vert,__DESTCONN__,Base_Connector,,,,,,
addConn,__SOURCEDESIGN__,Shovel4,__SOURCECOMP__,front_right_cyl_1,__SOURCECONN__,REAR_CONNECTOR,__DESTCOMP__,front_right_cyl_2,__DESTCONN__,FRONT_CONNECTOR,,,,,,
addConn,__SOURCEDESIGN__,Shovel4,__SOURCECOMP__,left_front_prop_2_vert,__SOURCECONN__,MOTOR_CONNECTOR_CS_IN,__DESTCOMP__,left_front_motor_2_vert,__DESTCONN__,Prop_Connector,,,,,,
addConn,__SOURCEDESIGN__,Shovel4,__SOURCECOMP__,left_top_wing,__SOURCECONN__,Connector_2,__DESTCOMP__,top_naca_connector,__DESTCONN__,End_Connector_2,,,,,,
addConn,__SOURCEDESIGN__,Shovel4,__SOURCECOMP__,right_front_motor_2_vert,__SOURCECONN__,Base_Connector,__DESTCOMP__,front_right_cyl_2,__DESTCONN__,TOP_CONNECTOR,,,,,,
addConn,__SOURCEDESIGN__,Shovel4,__SOURCECOMP__,rear_right_cyl_4,__SOURCECONN__,RIGHT_CONNECTOR,__DESTCOMP__,right_tail_wing,__DESTCONN__,Connector_2,,,,,,
addConn,__SOURCEDESIGN__,Shovel4,__SOURCECOMP__,right_rear_motor_1_vert,__SOURCECONN__,Base_Connector,__DESTCOMP__,rear_right_cyl_1,__DESTCONN__,TOP_CONNECTOR,,,,,,
addConn,__SOURCEDESIGN__,Shovel4,__SOURCECOMP__,right_rear_motor_1_vert,__SOURCECONN__,Prop_Connector,__DESTCOMP__,right_rear_prop_1_vert,__DESTCONN__,MOTOR_CONNECTOR_CS_IN,,,,,,
addConn,__SOURCEDESIGN__,Shovel4,__SOURCECOMP__,rear_left_cyl_1,__SOURCECONN__,FRONT_CONNECTOR,__DESTCOMP__,center_left_cyl,__DESTCONN__,REAR_CONNECTOR,,,,,,
addConn,__SOURCEDESIGN__,Shovel4,__SOURCECOMP__,left_center_cyl_flip,__SOURCECONN__,Flip_Connector_2,__DESTCOMP__,center_left_bar,__DESTCONN__,REAR_CONNECTOR,,,,,,
addConn,__SOURCEDESIGN__,Shovel4,__SOURCECOMP__,center_left_bar,__SOURCECONN__,FRONT_CONNECTOR,__DESTCOMP__,center_left_cyl,__DESTCONN__,RIGHT_CONNECTOR,,,,,,
addConn,__SOURCEDESIGN__,Shovel4,__SOURCECOMP__,center_right_cyl,__SOURCECONN__,REAR_CONNECTOR,__DESTCOMP__,rear_right_cyl_1,__DESTCONN__,FRONT_CONNECTOR,,,,,,
addNewPropx,__SOURCEDESIGN__,Shovel4,__PROPNAME__,TailWingRightAngle,__PROPVAL__,315,,,,,,,,,,
addPropConnl,__SOURCEDESIGN__,Shovel4,__DESTCOMP__,rear_right_cyl_4,__DESTPI__,FRONT_ANGLE,__SOURCEPROP__,TailWingRightAngle,,,,,,,,
addNewPropx,__SOURCEDESIGN__,Shovel4,__PROPNAME__,TailWingSpan,__PROPVAL__,4000,,,,,,,,,,
addPropConnl,__SOURCEDESIGN__,Shovel4,__DESTCOMP__,right_tail_wing,__DESTPI__,SPAN,__SOURCEPROP__,TailWingSpan,,,,,,,,
addPropConnl,__SOURCEDESIGN__,Shovel4,__DESTCOMP__,left_tail_wing,__DESTPI__,SPAN,__SOURCEPROP__,TailWingSpan,,,,,,,,
addNewPropx,__SOURCEDESIGN__,Shovel4,__PROPNAME__,FuselageMiddleLength,__PROPVAL__,300,,,,,,,,,,
addPropConnl,__SOURCEDESIGN__,Shovel4,__DESTCOMP__,fuselage,__DESTPI__,MIDDLE_LENGTH,__SOURCEPROP__,FuselageMiddleLength,,,,,,,,
addNewPropx,__SOURCEDESIGN__,Shovel4,__PROPNAME__,FuselageSeat2LR,__PROPVAL__,-210,,,,,,,,,,
addPropConnl,__SOURCEDESIGN__,Shovel4,__DESTCOMP__,fuselage,__DESTPI__,SEAT_2_LR,__SOURCEPROP__,FuselageSeat2LR,,,,,,,,
addNewPropx,__SOURCEDESIGN__,Shovel4,__PROPNAME__,CenterBarLength,__PROPVAL__,500,,,,,,,,,,
addPropConnl,__SOURCEDESIGN__,Shovel4,__DESTCOMP__,center_left_bar,__DESTPI__,LENGTH,__SOURCEPROP__,CenterBarLength,,,,,,,,
addPropConnl,__SOURCEDESIGN__,Shovel4,__DESTCOMP__,center_right_bar,__DESTPI__,LENGTH,__SOURCEPROP__,CenterBarLength,,,,,,,,
addNewPropx,__SOURCEDESIGN__,Shovel4,__PROPNAME__,CenterBarDiameter,__PROPVAL__,200,,,,,,,,,,
addPropConnl,__SOURCEDESIGN__,Shovel4,__DESTCOMP__,center_left_bar,__DESTPI__,DIAMETER,__SOURCEPROP__,CenterBarDiameter,,,,,,,,
addPropConnl,__SOURCEDESIGN__,Shovel4,__DESTCOMP__,center_right_bar,__DESTPI__,DIAMETER,__SOURCEPROP__,CenterBarDiameter,,,,,,,,
addNewPropx,__SOURCEDESIGN__,Shovel4,__PROPNAME__,CylinderLength,__PROPVAL__,1650,,,,,,,,,,
addPropConnl,__SOURCEDESIGN__,Shovel4,__DESTCOMP__,rear_left_cyl_1,__DESTPI__,LENGTH,__SOURCEPROP__,CylinderLength,,,,,,,,
addPropConnl,__SOURCEDESIGN__,Shovel4,__DESTCOMP__,front_left_cyl_1,__DESTPI__,LENGTH,__SOURCEPROP__,CylinderLength,,,,,,,,
addPropConnl,__SOURCEDESIGN__,Shovel4,__DESTCOMP__,front_right_cyl_1,__DESTPI__,LENGTH,__SOURCEPROP__,CylinderLength,,,,,,,,
addPropConnl,__SOURCEDESIGN__,Shovel4,__DESTCOMP__,rear_left_cyl_2,__DESTPI__,LENGTH,__SOURCEPROP__,CylinderLength,,,,,,,,
addPropConnl,__SOURCEDESIGN__,Shovel4,__DESTCOMP__,rear_right_cyl_2,__DESTPI__,LENGTH,__SOURCEPROP__,CylinderLength,,,,,,,,
addPropConnl,__SOURCEDESIGN__,Shovel4,__DESTCOMP__,rear_right_cyl_1,__DESTPI__,LENGTH,__SOURCEPROP__,CylinderLength,,,,,,,,
addPropConnl,__SOURCEDESIGN__,Shovel4,__DESTCOMP__,front_right_cyl_2,__DESTPI__,LENGTH,__SOURCEPROP__,CylinderLength,,,,,,,,
addPropConnl,__SOURCEDESIGN__,Shovel4,__DESTCOMP__,front_left_cyl_2,__DESTPI__,LENGTH,__SOURCEPROP__,CylinderLength,,,,,,,,
addNewPropx,__SOURCEDESIGN__,Shovel4,__PROPNAME__,FuselageSphereDiameter,__PROPVAL__,1520,,,,,,,,,,
addPropConnl,__SOURCEDESIGN__,Shovel4,__DESTCOMP__,fuselage,__DESTPI__,SPHERE_DIAMETER,__SOURCEPROP__,FuselageSphereDiameter,,,,,,,,
addNewPropx,__SOURCEDESIGN__,Shovel4,__PROPNAME__,BatteryRightMountSide,__PROPVAL__,1,,,,,,,,,,
addPropConnl,__SOURCEDESIGN__,Shovel4,__DESTCOMP__,right_battery,__DESTPI__,MOUNT_SIDE,__SOURCEPROP__,BatteryRightMountSide,,,,,,,,
addNewPropx,__SOURCEDESIGN__,Shovel4,__PROPNAME__,BatteryLeftMountSide,__PROPVAL__,2,,,,,,,,,,
addPropConnl,__SOURCEDESIGN__,Shovel4,__DESTCOMP__,left_battery,__DESTPI__,MOUNT_SIDE,__SOURCEPROP__,BatteryLeftMountSide,,,,,,,,
addNewPropx,__SOURCEDESIGN__,Shovel4,__PROPNAME__,FuselageLength,__PROPVAL__,2000,,,,,,,,,,
addPropConnl,__SOURCEDESIGN__,Shovel4,__DESTCOMP__,fuselage,__DESTPI__,LENGTH,__SOURCEPROP__,FuselageLength,,,,,,,,
addNewPropx,__SOURCEDESIGN__,Shovel4,__PROPNAME__,TailWingLoad,__PROPVAL__,1000,,,,,,,,,,
addPropConnl,__SOURCEDESIGN__,Shovel4,__DESTCOMP__,right_tail_wing,__DESTPI__,LOAD,__SOURCEPROP__,TailWingLoad,,,,,,,,
addPropConnl,__SOURCEDESIGN__,Shovel4,__DESTCOMP__,left_tail_wing,__DESTPI__,LOAD,__SOURCEPROP__,TailWingLoad,,,,,,,,
addNewPropx,__SOURCEDESIGN__,Shovel4,__PROPNAME__,BatteryVoltage,__PROPVAL__,840,,,,,,,,,,
addPropConnl,__SOURCEDESIGN__,Shovel4,__DESTCOMP__,right_battery,__DESTPI__,VOLTAGE_REQUEST,__SOURCEPROP__,BatteryVoltage,,,,,,,,
addPropConnl,__SOURCEDESIGN__,Shovel4,__DESTCOMP__,left_battery,__DESTPI__,VOLTAGE_REQUEST,__SOURCEPROP__,BatteryVoltage,,,,,,,,
addNewPropx,__SOURCEDESIGN__,Shovel4,__PROPNAME__,TailWingChord,__PROPVAL__,500,,,,,,,,,,
addPropConnl,__SOURCEDESIGN__,Shovel4,__DESTCOMP__,right_tail_wing,__DESTPI__,CHORD_1,__SOURCEPROP__,TailWingChord,,,,,,,,
addPropConnl,__SOURCEDESIGN__,Shovel4,__DESTCOMP__,left_tail_wing,__DESTPI__,CHORD_2,__SOURCEPROP__,TailWingChord,,,,,,,,
addPropConnl,__SOURCEDESIGN__,Shovel4,__DESTCOMP__,left_tail_wing,__DESTPI__,CHORD_1,__SOURCEPROP__,TailWingChord,,,,,,,,
addPropConnl,__SOURCEDESIGN__,Shovel4,__DESTCOMP__,right_tail_wing,__DESTPI__,CHORD_2,__SOURCEPROP__,TailWingChord,,,,,,,,
addPropConnl,__SOURCEDESIGN__,Shovel4,__DESTCOMP__,rear_left_cyl_4,__DESTPI__,LENGTH,__SOURCEPROP__,TailWingChord,,,,,,,,
addPropConnl,__SOURCEDESIGN__,Shovel4,__DESTCOMP__,rear_right_cyl_4,__DESTPI__,LENGTH,__SOURCEPROP__,TailWingChord,,,,,,,,
addNewPropx,__SOURCEDESIGN__,Shovel4,__PROPNAME__,TailWingNaca,__PROPVAL__,0006,,,,,,,,,,
addPropConnl,__SOURCEDESIGN__,Shovel4,__DESTCOMP__,left_tail_wing,__DESTPI__,NACA_Profile,__SOURCEPROP__,TailWingNaca,,,,,,,,
addPropConnl,__SOURCEDESIGN__,Shovel4,__DESTCOMP__,right_tail_wing,__DESTPI__,NACA_Profile,__SOURCEPROP__,TailWingNaca,,,,,,,,
addNewPropx,__SOURCEDESIGN__,Shovel4,__PROPNAME__,FuselagePortThickness,__PROPVAL__,150,,,,,,,,,,
addPropConnl,__SOURCEDESIGN__,Shovel4,__DESTCOMP__,top_naca_connector,__DESTPI__,PORT_THICKNESS,__SOURCEPROP__,FuselagePortThickness,,,,,,,,
addPropConnl,__SOURCEDESIGN__,Shovel4,__DESTCOMP__,fuselage,__DESTPI__,PORT_THICKNESS,__SOURCEPROP__,FuselagePortThickness,,,,,,,,
addNewPropx,__SOURCEDESIGN__,Shovel4,__PROPNAME__,TopWingLoad,__PROPVAL__,10000,,,,,,,,,,
addPropConnl,__SOURCEDESIGN__,Shovel4,__DESTCOMP__,left_top_wing,__DESTPI__,LOAD,__SOURCEPROP__,TopWingLoad,,,,,,,,
addPropConnl,__SOURCEDESIGN__,Shovel4,__DESTCOMP__,right_top_wing,__DESTPI__,LOAD,__SOURCEPROP__,TopWingLoad,,,,,,,,
addNewPropx,__SOURCEDESIGN__,Shovel4,__PROPNAME__,TopWingChord,__PROPVAL__,1000,,,,,,,,,,
addPropConnl,__SOURCEDESIGN__,Shovel4,__DESTCOMP__,center_left_cyl,__DESTPI__,LENGTH,__SOURCEPROP__,TopWingChord,,,,,,,,
addPropConnl,__SOURCEDESIGN__,Shovel4,__DESTCOMP__,left_top_wing,__DESTPI__,CHORD_1,__SOURCEPROP__,TopWingChord,,,,,,,,
addPropConnl,__SOURCEDESIGN__,Shovel4,__DESTCOMP__,right_top_wing,__DESTPI__,CHORD_2,__SOURCEPROP__,TopWingChord,,,,,,,,
addPropConnl,__SOURCEDESIGN__,Shovel4,__DESTCOMP__,right_top_wing,__DESTPI__,CHORD_1,__SOURCEPROP__,TopWingChord,,,,,,,,
addPropConnl,__SOURCEDESIGN__,Shovel4,__DESTCOMP__,top_naca_connector,__DESTPI__,CHORD,__SOURCEPROP__,TopWingChord,,,,,,,,
addPropConnl,__SOURCEDESIGN__,Shovel4,__DESTCOMP__,left_top_wing,__DESTPI__,CHORD_2,__SOURCEPROP__,TopWingChord,,,,,,,,
addPropConnl,__SOURCEDESIGN__,Shovel4,__DESTCOMP__,center_right_cyl,__DESTPI__,LENGTH,__SOURCEPROP__,TopWingChord,,,,,,,,
addNewPropx,__SOURCEDESIGN__,Shovel4,__PROPNAME__,BatteryChord,__PROPVAL__,1000,,,,,,,,,,
addPropConnl,__SOURCEDESIGN__,Shovel4,__DESTCOMP__,left_battery,__DESTPI__,CHORD_2,__SOURCEPROP__,BatteryChord,,,,,,,,
addPropConnl,__SOURCEDESIGN__,Shovel4,__DESTCOMP__,left_battery,__DESTPI__,CHORD_1,__SOURCEPROP__,BatteryChord,,,,,,,,
addPropConnl,__SOURCEDESIGN__,Shovel4,__DESTCOMP__,right_battery,__DESTPI__,CHORD_2,__SOURCEPROP__,BatteryChord,,,,,,,,
addPropConnl,__SOURCEDESIGN__,Shovel4,__DESTCOMP__,right_battery,__DESTPI__,CHORD_1,__SOURCEPROP__,BatteryChord,,,,,,,,
addNewPropx,__SOURCEDESIGN__,Shovel4,__PROPNAME__,BatteryPercent,__PROPVAL__,100,,,,,,,,,,
addPropConnl,__SOURCEDESIGN__,Shovel4,__DESTCOMP__,left_battery,__DESTPI__,VOLUME_PERCENT,__SOURCEPROP__,BatteryPercent,,,,,,,,
addPropConnl,__SOURCEDESIGN__,Shovel4,__DESTCOMP__,right_battery,__DESTPI__,VOLUME_PERCENT,__SOURCEPROP__,BatteryPercent,,,,,,,,
addNewPropx,__SOURCEDESIGN__,Shovel4,__PROPNAME__,FuselageSeatFB,__PROPVAL__,790,,,,,,,,,,
addPropConnl,__SOURCEDESIGN__,Shovel4,__DESTCOMP__,fuselage,__DESTPI__,SEAT_2_FB,__SOURCEPROP__,FuselageSeatFB,,,,,,,,
addPropConnl,__SOURCEDESIGN__,Shovel4,__DESTCOMP__,fuselage,__DESTPI__,SEAT_1_FB,__SOURCEPROP__,FuselageSeatFB,,,,,,,,
addNewPropx,__SOURCEDESIGN__,Shovel4,__PROPNAME__,TopWingSpan,__PROPVAL__,10000,,,,,,,,,,
addPropConnl,__SOURCEDESIGN__,Shovel4,__DESTCOMP__,right_top_wing,__DESTPI__,SPAN,__SOURCEPROP__,TopWingSpan,,,,,,,,
addPropConnl,__SOURCEDESIGN__,Shovel4,__DESTCOMP__,left_top_wing,__DESTPI__,SPAN,__SOURCEPROP__,TopWingSpan,,,,,,,,
addNewPropx,__SOURCEDESIGN__,Shovel4,__PROPNAME__,BatteryWingSpan,__PROPVAL__,10000,,,,,,,,,,
addPropConnl,__SOURCEDESIGN__,Shovel4,__DESTCOMP__,right_battery,__DESTPI__,SPAN,__SOURCEPROP__,BatteryWingSpan,,,,,,,,
addPropConnl,__SOURCEDESIGN__,Shovel4,__DESTCOMP__,left_battery,__DESTPI__,SPAN,__SOURCEPROP__,BatteryWingSpan,,,,,,,,
addNewPropx,__SOURCEDESIGN__,Shovel4,__PROPNAME__,TailWingLeftAngle,__PROPVAL__,45,,,,,,,,,,
addPropConnl,__SOURCEDESIGN__,Shovel4,__DESTCOMP__,rear_left_cyl_4,__DESTPI__,FRONT_ANGLE,__SOURCEPROP__,TailWingLeftAngle,,,,,,,,
addNewPropx,__SOURCEDESIGN__,Shovel4,__PROPNAME__,FuselageSeat1LR,__PROPVAL__,210,,,,,,,,,,
addPropConnl,__SOURCEDESIGN__,Shovel4,__DESTCOMP__,fuselage,__DESTPI__,SEAT_1_LR,__SOURCEPROP__,FuselageSeat1LR,,,,,,,,
addNewPropx,__SOURCEDESIGN__,Shovel4,__PROPNAME__,TopWingNaca,__PROPVAL__,2418,,,,,,,,,,
addPropConnl,__SOURCEDESIGN__,Shovel4,__DESTCOMP__,left_top_wing,__DESTPI__,NACA_Profile,__SOURCEPROP__,TopWingNaca,,,,,,,,
addPropConnl,__SOURCEDESIGN__,Shovel4,__DESTCOMP__,right_top_wing,__DESTPI__,NACA_Profile,__SOURCEPROP__,TopWingNaca,,,,,,,,
addNewPropx,__SOURCEDESIGN__,Shovel4,__PROPNAME__,FuselageFloorHeight,__PROPVAL__,150,,,,,,,,,,
addPropConnl,__SOURCEDESIGN__,Shovel4,__DESTCOMP__,fuselage,__DESTPI__,FLOOR_HEIGHT,__SOURCEPROP__,FuselageFloorHeight,,,,,,,,
addNewPropx,__SOURCEDESIGN__,Shovel4,__PROPNAME__,CylinderPortThickness,__PROPVAL__,100,,,,,,,,,,
addPropConnl,__SOURCEDESIGN__,Shovel4,__DESTCOMP__,rear_right_cyl_4,__DESTPI__,PORT_THICKNESS,__SOURCEPROP__,CylinderPortThickness,,,,,,,,
addPropConnl,__SOURCEDESIGN__,Shovel4,__DESTCOMP__,rear_left_cyl_4,__DESTPI__,PORT_THICKNESS,__SOURCEPROP__,CylinderPortThickness,,,,,,,,
addPropConnl,__SOURCEDESIGN__,Shovel4,__DESTCOMP__,rear_left_cyl_1,__DESTPI__,PORT_THICKNESS,__SOURCEPROP__,CylinderPortThickness,,,,,,,,
addPropConnl,__SOURCEDESIGN__,Shovel4,__DESTCOMP__,front_left_cyl_1,__DESTPI__,PORT_THICKNESS,__SOURCEPROP__,CylinderPortThickness,,,,,,,,
addPropConnl,__SOURCEDESIGN__,Shovel4,__DESTCOMP__,front_right_cyl_1,__DESTPI__,PORT_THICKNESS,__SOURCEPROP__,CylinderPortThickness,,,,,,,,
addPropConnl,__SOURCEDESIGN__,Shovel4,__DESTCOMP__,rear_left_cyl_2,__DESTPI__,PORT_THICKNESS,__SOURCEPROP__,CylinderPortThickness,,,,,,,,
addPropConnl,__SOURCEDESIGN__,Shovel4,__DESTCOMP__,rear_right_cyl_2,__DESTPI__,PORT_THICKNESS,__SOURCEPROP__,CylinderPortThickness,,,,,,,,
addPropConnl,__SOURCEDESIGN__,Shovel4,__DESTCOMP__,rear_right_cyl_1,__DESTPI__,PORT_THICKNESS,__SOURCEPROP__,CylinderPortThickness,,,,,,,,
addPropConnl,__SOURCEDESIGN__,Shovel4,__DESTCOMP__,front_right_cyl_2,__DESTPI__,PORT_THICKNESS,__SOURCEPROP__,CylinderPortThickness,,,,,,,,
addPropConnl,__SOURCEDESIGN__,Shovel4,__DESTCOMP__,front_left_cyl_2,__DESTPI__,PORT_THICKNESS,__SOURCEPROP__,CylinderPortThickness,,,,,,,,
addNewPropx,__SOURCEDESIGN__,Shovel4,__PROPNAME__,CylinderDiameter,__PROPVAL__,200,,,,,,,,,,
addPropConnl,__SOURCEDESIGN__,Shovel4,__DESTCOMP__,rear_left_cyl_2,__DESTPI__,DIAMETER,__SOURCEPROP__,CylinderDiameter,,,,,,,,
addPropConnl,__SOURCEDESIGN__,Shovel4,__DESTCOMP__,rear_right_cyl_2,__DESTPI__,DIAMETER,__SOURCEPROP__,CylinderDiameter,,,,,,,,
addPropConnl,__SOURCEDESIGN__,Shovel4,__DESTCOMP__,front_left_cyl_2,__DESTPI__,DIAMETER,__SOURCEPROP__,CylinderDiameter,,,,,,,,
addPropConnl,__SOURCEDESIGN__,Shovel4,__DESTCOMP__,front_left_cyl_1,__DESTPI__,DIAMETER,__SOURCEPROP__,CylinderDiameter,,,,,,,,
addPropConnl,__SOURCEDESIGN__,Shovel4,__DESTCOMP__,center_right_cyl,__DESTPI__,DIAMETER,__SOURCEPROP__,CylinderDiameter,,,,,,,,
addPropConnl,__SOURCEDESIGN__,Shovel4,__DESTCOMP__,front_right_cyl_1,__DESTPI__,DIAMETER,__SOURCEPROP__,CylinderDiameter,,,,,,,,
addPropConnl,__SOURCEDESIGN__,Shovel4,__DESTCOMP__,rear_left_cyl_4,__DESTPI__,DIAMETER,__SOURCEPROP__,CylinderDiameter,,,,,,,,
addPropConnl,__SOURCEDESIGN__,Shovel4,__DESTCOMP__,rear_right_cyl_4,__DESTPI__,DIAMETER,__SOURCEPROP__,CylinderDiameter,,,,,,,,
addPropConnl,__SOURCEDESIGN__,Shovel4,__DESTCOMP__,front_right_cyl_2,__DESTPI__,DIAMETER,__SOURCEPROP__,CylinderDiameter,,,,,,,,
addPropConnl,__SOURCEDESIGN__,Shovel4,__DESTCOMP__,rear_right_cyl_1,__DESTPI__,DIAMETER,__SOURCEPROP__,CylinderDiameter,,,,,,,,
addPropConnl,__SOURCEDESIGN__,Shovel4,__DESTCOMP__,center_left_cyl,__DESTPI__,DIAMETER,__SOURCEPROP__,CylinderDiameter,,,,,,,,
addPropConnl,__SOURCEDESIGN__,Shovel4,__DESTCOMP__,rear_left_cyl_1,__DESTPI__,DIAMETER,__SOURCEPROP__,CylinderDiameter,,,,,,,,
addNewPropx,__SOURCEDESIGN__,Shovel4,__PROPNAME__,FuselageTailDiameter,__PROPVAL__,200,,,,,,,,,,
addPropConnl,__SOURCEDESIGN__,Shovel4,__DESTCOMP__,fuselage,__DESTPI__,TAIL_DIAMETER,__SOURCEPROP__,FuselageTailDiameter,,,,,,,,
addNewPropx,__SOURCEDESIGN__,Shovel4,__PROPNAME__,TopWingThickness,__PROPVAL__,18,,,,,,,,,,
addPropConnl,__SOURCEDESIGN__,Shovel4,__DESTCOMP__,right_top_wing,__DESTPI__,THICKNESS,__SOURCEPROP__,TopWingThickness,,,,,,,,
addPropConnl,__SOURCEDESIGN__,Shovel4,__DESTCOMP__,top_naca_connector,__DESTPI__,THICKNESS,__SOURCEPROP__,TopWingThickness,,,,,,,,
addPropConnl,__SOURCEDESIGN__,Shovel4,__DESTCOMP__,left_top_wing,__DESTPI__,THICKNESS,__SOURCEPROP__,TopWingThickness,,,,,,,,
addNewPropx,__SOURCEDESIGN__,Shovel4,__PROPNAME__,BatteryThickness,__PROPVAL__,18,,,,,,,,,,
addPropConnl,__SOURCEDESIGN__,Shovel4,__DESTCOMP__,left_battery,__DESTPI__,THICKNESS,__SOURCEPROP__,BatteryThickness,,,,,,,,
addPropConnl,__SOURCEDESIGN__,Shovel4,__DESTCOMP__,right_battery,__DESTPI__,THICKNESS,__SOURCEPROP__,BatteryThickness,,,,,,,,
addNewPropx,__SOURCEDESIGN__,Shovel4,__PROPNAME__,TailWingThickness,__PROPVAL__,06,,,,,,,,,,
addPropConnl,__SOURCEDESIGN__,Shovel4,__DESTCOMP__,right_tail_wing,__DESTPI__,THICKNESS,__SOURCEPROP__,TailWingThickness,,,,,,,,
addPropConnl,__SOURCEDESIGN__,Shovel4,__DESTCOMP__,left_tail_wing,__DESTPI__,THICKNESS,__SOURCEPROP__,TailWingThickness,,,,,,,,
addNewPropx,__SOURCEDESIGN__,Shovel4,__PROPNAME__,ForwardRightPropType,__PROPVAL__,1,,,,,,,,,,
addPropConnl,__SOURCEDESIGN__,Shovel4,__DESTCOMP__,right_front_prop_fwd,__DESTPI__,Prop_type,__SOURCEPROP__,ForwardRightPropType,,,,,,,,
addNewPropx,__SOURCEDESIGN__,Shovel4,__PROPNAME__,ForwardRightSpin,__PROPVAL__,1,,,,,,,,,,
addPropConnl,__SOURCEDESIGN__,Shovel4,__DESTCOMP__,right_front_prop_fwd,__DESTPI__,Direction,__SOURCEPROP__,ForwardRightSpin,,,,,,,,
addNewPropx,__SOURCEDESIGN__,Shovel4,__PROPNAME__,ForwardLeftPropType,__PROPVAL__,-1,,,,,,,,,,
addPropConnl,__SOURCEDESIGN__,Shovel4,__DESTCOMP__,left_front_prop_fwd,__DESTPI__,Prop_type,__SOURCEPROP__,ForwardLeftPropType,,,,,,,,
addNewPropx,__SOURCEDESIGN__,Shovel4,__PROPNAME__,ForwardLeftSpin,__PROPVAL__,-1,,,,,,,,,,
addPropConnl,__SOURCEDESIGN__,Shovel4,__DESTCOMP__,left_front_prop_fwd,__DESTPI__,Direction,__SOURCEPROP__,ForwardLeftSpin,,,,,,,,
addNewPropx,__SOURCEDESIGN__,Shovel4,__PROPNAME__,VertLeftFrontPropType,__PROPVAL__,1,,,,,,,,,,
addPropConnl,__SOURCEDESIGN__,Shovel4,__DESTCOMP__,left_front_prop_1_vert,__DESTPI__,Prop_type,__SOURCEPROP__,VertLeftFrontPropType,,,,,,,,
addPropConnl,__SOURCEDESIGN__,Shovel4,__DESTCOMP__,left_front_prop_2_vert,__DESTPI__,Prop_type,__SOURCEPROP__,VertLeftFrontPropType,,,,,,,,
addNewPropx,__SOURCEDESIGN__,Shovel4,__PROPNAME__,VertLeftFrontDirection,__PROPVAL__,1,,,,,,,,,,
addPropConnl,__SOURCEDESIGN__,Shovel4,__DESTCOMP__,left_front_prop_1_vert,__DESTPI__,Direction,__SOURCEPROP__,VertLeftFrontDirection,,,,,,,,
addPropConnl,__SOURCEDESIGN__,Shovel4,__DESTCOMP__,left_front_prop_2_vert,__DESTPI__,Direction,__SOURCEPROP__,VertLeftFrontDirection,,,,,,,,
addNewPropx,__SOURCEDESIGN__,Shovel4,__PROPNAME__,VertRightFrontPropType,__PROPVAL__,-1,,,,,,,,,,
addPropConnl,__SOURCEDESIGN__,Shovel4,__DESTCOMP__,right_front_prop_1_vert,__DESTPI__,Prop_type,__SOURCEPROP__,VertRightFrontPropType,,,,,,,,
addPropConnl,__SOURCEDESIGN__,Shovel4,__DESTCOMP__,right_front_prop_2_vert,__DESTPI__,Prop_type,__SOURCEPROP__,VertRightFrontPropType,,,,,,,,
addNewPropx,__SOURCEDESIGN__,Shovel4,__PROPNAME__,VertRightFrontDirection,__PROPVAL__,-1,,,,,,,,,,
addPropConnl,__SOURCEDESIGN__,Shovel4,__DESTCOMP__,right_front_prop_1_vert,__DESTPI__,Direction,__SOURCEPROP__,VertRightFrontDirection,,,,,,,,
addPropConnl,__SOURCEDESIGN__,Shovel4,__DESTCOMP__,right_front_prop_2_vert,__DESTPI__,Direction,__SOURCEPROP__,VertRightFrontDirection,,,,,,,,
addNewPropx,__SOURCEDESIGN__,Shovel4,__PROPNAME__,VertLeftRearPropType,__PROPVAL__,-1,,,,,,,,,,
addPropConnl,__SOURCEDESIGN__,Shovel4,__DESTCOMP__,left_rear_prop_1_vert,__DESTPI__,Prop_type,__SOURCEPROP__,VertLeftRearPropType,,,,,,,,
addPropConnl,__SOURCEDESIGN__,Shovel4,__DESTCOMP__,left_rear_prop_2_vert,__DESTPI__,Prop_type,__SOURCEPROP__,VertLeftRearPropType,,,,,,,,
addNewPropx,__SOURCEDESIGN__,Shovel4,__PROPNAME__,VertLeftRearDirection,__PROPVAL__,-1,,,,,,,,,,
addPropConnl,__SOURCEDESIGN__,Shovel4,__DESTCOMP__,left_rear_prop_1_vert,__DESTPI__,Direction,__SOURCEPROP__,VertLeftRearDirection,,,,,,,,
addPropConnl,__SOURCEDESIGN__,Shovel4,__DESTCOMP__,left_rear_prop_2_vert,__DESTPI__,Direction,__SOURCEPROP__,VertLeftRearDirection,,,,,,,,
addNewPropx,__SOURCEDESIGN__,Shovel4,__PROPNAME__,VertRightRearPropType,__PROPVAL__,1,,,,,,,,,,
addPropConnl,__SOURCEDESIGN__,Shovel4,__DESTCOMP__,right_rear_prop_1_vert,__DESTPI__,Prop_type,__SOURCEPROP__,VertRightRearPropType,,,,,,,,
addPropConnl,__SOURCEDESIGN__,Shovel4,__DESTCOMP__,right_rear_prop_2_vert,__DESTPI__,Prop_type,__SOURCEPROP__,VertRightRearPropType,,,,,,,,
addNewPropx,__SOURCEDESIGN__,Shovel4,__PROPNAME__,VertRightRearDirection,__PROPVAL__,1,,,,,,,,,,
addPropConnl,__SOURCEDESIGN__,Shovel4,__DESTCOMP__,right_rear_prop_1_vert,__DESTPI__,Direction,__SOURCEPROP__,VertRightRearDirection,,,,,,,,
addPropConnl,__SOURCEDESIGN__,Shovel4,__DESTCOMP__,right_rear_prop_2_vert,__DESTPI__,Direction,__SOURCEPROP__,VertRightRearDirection,,,,,,,,
addNewPropx,__SOURCEDESIGN__,Shovel4,__PROPNAME__,Requested_Lateral_Speed_1,__PROPVAL__,41,,,,,,,,,,
addNewPropx,__SOURCEDESIGN__,Shovel4,__PROPNAME__,Requested_Lateral_Speed_3,__PROPVAL__,18,,,,,,,,,,
addNewPropx,__SOURCEDESIGN__,Shovel4,__PROPNAME__,Requested_Lateral_Speed_5,__PROPVAL__,33,,,,,,,,,,
addRefCoordSysx,__SOURCEDESIGN__,Shovel4,__ORIENTNAME__,Orient,,,,,,,,,,,,
